"pod","st_astext","FACE_VALUE_AMOUNT","DIVERSION_TYPE","DIRECT_DIV_AMOUNT","DIVERSION_AC_FT","WR_TYPE"
"S001959_01","POINT(-119.48136621 36.69316614)",0,"Movable Point of Diversion",175,0,"Statement of Div and Use"
"A000360_20","POINT(-119.66744637 36.41812036)",2786000,"Diversion to Storage",5000,0,"Appropriative"
"S000434_01","POINT(-119.71605268 36.41838705)",0,"Direct Diversion",4.5,0,"Statement of Div and Use"
"S001945_01","POINT(-119.66677135 36.41867356)",0,"Direct Diversion",605,0,"Statement of Div and Use"
"S001970_01","POINT(-119.66677135 36.41867356)",0,"Movable Point of Diversion",605,0,"Statement of Div and Use"
"A005640_03","POINT(-119.66746055 36.41976851)",913412.4,"Diversion to Storage",3059,0,"Appropriative"
"S001919_01","POINT(-119.67406145 36.43621361)",0,"Movable Point of Diversion",717,0,"Statement of Div and Use"
"A005640_08","POINT(-119.67406145 36.43621361)",913412.4,"Diversion to Storage",3059,0,"Appropriative"
"A005640_07","POINT(-119.67406145 36.43621361)",913412.4,"Diversion to Storage",3059,0,"Appropriative"
"A005640_06","POINT(-119.67406145 36.43621361)",913412.4,"Diversion to Storage",3059,0,"Appropriative"
"A005640_05","POINT(-119.67406145 36.43621361)",913412.4,"Diversion to Storage",3059,0,"Appropriative"
"S001965_01","POINT(-119.67576479 36.43661601)",0,"Movable Point of Diversion",49,0,"Statement of Div and Use"
"S001966_01","POINT(-119.67576479 36.43661601)",0,"Movable Point of Diversion",492,0,"Statement of Div and Use"
"S001978_01","POINT(-119.67611073 36.4373008)",0,"Direct Diversion",717,0,"Statement of Div and Use"
"S001979_01","POINT(-119.67611073 36.4373008)",0,"Movable Point of Diversion",717,0,"Statement of Div and Use"
"A005640_04","POINT(-119.67170085 36.43842461)",913412.4,"Diversion to Storage",3059,0,"Appropriative"
"S001977_01","POINT(-119.67136564 36.43897591)",0,"Direct Diversion",181,0,"Statement of Div and Use"
"S002284_01","POINT(-119.62320794 36.45379727)",0,"Direct Diversion",2000,0,"Statement of Div and Use"
"S002286_01","POINT(-119.62320794 36.45379727)",0,"Direct Diversion",2000,0,"Statement of Div and Use"
"S002285_01","POINT(-119.62320794 36.45379727)",0,"Direct Diversion",3000,0,"Statement of Div and Use"
"S001981_01","POINT(-119.99186813 36.45761311)",0,"Movable Point of Diversion",315,0,"Statement of Div and Use"
"S000790_01","POINT(-119.75233871 36.40992181)",0,"Direct Diversion",2,0,"Statement of Div and Use"
"S000436_01","POINT(-119.72695426 36.42106798)",0,"Direct Diversion",0,0,"Statement of Div and Use"
"S001131_01","POINT(-119.65931283 36.42091278)",0,"Direct Diversion",12.83,0,"Statement of Div and Use"
"S000625_01","POINT(-119.65931283 36.42091278)",0,"Direct Diversion",3.78,0,"Statement of Div and Use"
"S001182_01","POINT(-119.70047322 36.42452337)",0,"Direct Diversion",4.7,0,"Statement of Div and Use"
"S000420_01","POINT(-119.64371925 36.42594289)",0,"Direct Diversion",3,0,"Statement of Div and Use"
"S001917_01","POINT(-119.98113914 36.44286787)",0,"Direct Diversion",6.7,0,"Statement of Div and Use"
"S001157_01","POINT(-119.64828956 36.44404859)",0,"Direct Diversion",0,0,"Statement of Div and Use"
"S000366_01","POINT(-119.60216246 36.4585756)",0,"Direct Diversion",4,0,"Statement of Div and Use"
"S001974_01","POINT(-119.7221601 36.41725129)",0,"Movable Point of Diversion",726,0,"Statement of Div and Use"
"A005640_09","POINT(-119.7221601 36.41725129)",913412.4,"Diversion to Storage",3059,0,"Appropriative"
"S001916_01","POINT(-119.9633309 36.43257452)",0,"Direct Diversion",6.7,0,"Statement of Div and Use"
"A000360_07","POINT(-119.67406145 36.43621361)",2786000,"Diversion to Storage",5000,0,"Appropriative"
"A000360_06","POINT(-119.67406145 36.43621361)",2786000,"Diversion to Storage",5000,0,"Appropriative"
"S001915_01","POINT(-119.98632962 36.44996735)",0,"Direct Diversion",6.7,0,"Statement of Div and Use"
"S002283_01","POINT(-119.64358108 36.45025501)",0,"Direct Diversion",3000,0,"Statement of Div and Use"
"A000360_08","POINT(-119.46616648 36.74624113)",2786000,"Diversion to Storage",5000,0,"Appropriative"
"A005640_06","POINT(-119.46616648 36.74624113)",913412.4,"Diversion to Storage",3059,0,"Appropriative"
"S001950_01","POINT(-119.47163429 36.74731848)",0,"Movable Point of Diversion",175,0,"Statement of Div and Use"
"A000360_07","POINT(-119.46446814 36.74762116)",2786000,"Diversion to Storage",5000,0,"Appropriative"
"A005640_09","POINT(-119.46446814 36.74762116)",913412.4,"Diversion to Storage",3059,0,"Appropriative"
"S001960_01","POINT(-119.45559691 36.74820458)",0,"Movable Point of Diversion",175,0,"Statement of Div and Use"
"A000360_06","POINT(-119.45560339 36.7493033)",2786000,"Diversion to Storage",5000,0,"Appropriative"
"A005640_05","POINT(-119.45560339 36.7493033)",913412.4,"Diversion to Storage",3059,0,"Appropriative"
"F003760S_01","POINT(-118.7657749 36.74553653)",0,"Direct Diversion",600,0,"Federal Claims"
"A011324_01","POINT(-119.42800968 37.1290027)",4.5,"Direct Diversion",4000,0,"Appropriative"
"F027720_01","POINT(-119.40399824 37.12908559)",0,"Diversion to Storage",0,0,"Federal Claims"
"A001344_01","POINT(-118.96658339 37.27449322)",41000,"Direct Diversion",0,0,"Appropriative"
"A012416_01","POINT(-118.9734356 37.33889714)",2.4,"Direct Diversion",5000,0,"Appropriative"
"A029245_01","POINT(-119.69385922 36.8819303)",0,"Diversion to Storage",0,0,"Appropriative"
"F011086S_01","POINT(-119.20882731 36.8799101)",0,"Direct Diversion",200,0,"Federal Claims"
"F011085S_01","POINT(-119.20985678 36.8812817)",0,"Direct Diversion",200,0,"Federal Claims"
"F003901S_01","POINT(-119.08574142 36.88253192)",0,"Direct Diversion",450,0,"Federal Claims"
"A014146_01","POINT(-119.20097549 36.88459293)",3.2,"Direct Diversion",2880,0,"Appropriative"
"F003788S_01","POINT(-119.25715413 36.91497515)",0,"Direct Diversion",1400,0,"Federal Claims"
"S006307_01","POINT(-119.78708462 36.88720679)",0,"Direct Diversion",3.2,0,"Statement of Div and Use"
"F003920S_01","POINT(-119.30322213 36.88657639)",0,"Direct Diversion",150,0,"Federal Claims"
"C003792_01","POINT(-119.19756109 36.8865213)",0,"Direct Diversion",0,0,"Stockpond"
"S000794_01","POINT(-119.44332485 36.75099745)",0,"Direct Diversion",5.22,0,"Statement of Div and Use"
"C000542_01","POINT(-119.34160366 36.75105556)",0,"Direct Diversion",0,0,"Stockpond"
"A022777_01","POINT(-119.06170199 36.75152443)",0,"Diversion to Storage",2160,0,"Appropriative"
"A005685_01","POINT(-119.05806826 36.91276226)",4343.9,"Direct Diversion",3,0,"Appropriative"
"F003787C_01","POINT(-119.20173624 36.91398188)",0,"Direct Diversion",0,0,"Federal Stockponds"
"S005018_01","POINT(-119.04370289 36.91469085)",0,"Direct Diversion",0,0,"Statement of Div and Use"
"F003794C_01","POINT(-119.16240355 36.91623851)",0,"Direct Diversion",0,0,"Federal Stockponds"
"F003902S_01","POINT(-119.15248342 36.91625141)",0,"Direct Diversion",300,0,"Federal Claims"
"C000124_01","POINT(-119.1614129 36.76983635)",0,"Direct Diversion",0,0,"Stockpond"
"F003892S_01","POINT(-118.99375374 37.0047892)",0,"Direct Diversion",500,0,"Federal Claims"
"A012242_01","POINT(-118.96806905 37.00450964)",61500,"Direct Diversion",0,0,"Appropriative"
"A004703_01","POINT(-118.96806905 37.00450964)",159275.1,"Diversion to Storage",220,0,"Appropriative"
"A012243_01","POINT(-118.96806905 37.00450964)",28959.1,"Direct Diversion",40,0,"Appropriative"
"A024512_01","POINT(-118.96806905 37.00450964)",2714002,"Direct Diversion",9000,2657002,"Appropriative"
"A010979_01","POINT(-118.96806893 37.0047843)",128000,"Direct Diversion",0,0,"Appropriative"
"F003779S_01","POINT(-119.18656734 37.00657009)",0,"Direct Diversion",1650,0,"Federal Claims"
"F003793C_01","POINT(-119.14701128 36.91680752)",0,"Direct Diversion",0,0,"Federal Stockponds"
"F003786C_01","POINT(-119.20584833 36.91672167)",0,"Direct Diversion",0,0,"Federal Stockponds"
"C003042_01","POINT(-119.66153353 36.92029399)",0,"Direct Diversion",0,0,"Stockpond"
"A005685_01","POINT(-119.02968003 36.91963903)",4343.9,"Direct Diversion",3,0,"Appropriative"
"F003938S_01","POINT(-119.27513776 36.92193963)",0,"Direct Diversion",300,0,"Federal Claims"
"A001920_01","POINT(-119.02318075 36.92101372)",180994.4,"Direct Diversion",250,180994.4,"Appropriative"
"A005685_01","POINT(-119.03173336 36.92156124)",4343.9,"Direct Diversion",3,0,"Appropriative"
"F011078S_01","POINT(-119.35699867 37.20201662)",0,"Direct Diversion",10,0,"Federal Claims"
"S010729_01","POINT(-119.46206921 37.20275847)",0,"Direct Diversion",300,0,"Statement of Div and Use"
"S011071_01","POINT(-119.56465537 37.20341946)",0,"Direct Diversion",750,0,"Statement of Div and Use"
"A005640_08","POINT(-119.49153998 36.71070495)",913412.4,"Diversion to Storage",3059,0,"Appropriative"
"S013055_01","POINT(-119.55113742 37.10227172)",0,"Diversion to Storage",1800,0,"Statement of Div and Use"
"C002950_01","POINT(-119.57635414 37.10393862)",0,"Direct Diversion",0,0,"Stockpond"
"C001938_01","POINT(-119.43404154 37.10371268)",0,"Direct Diversion",0,0,"Stockpond"
"A019577_01","POINT(-119.57511182 37.02951077)",26,"Direct Diversion",0,0,"Appropriative"
"S003781_01","POINT(-119.22635719 37.02792593)",0,"Direct Diversion",0,0,"Statement of Div and Use"
"A022725_01","POINT(-119.76105622 37.03069187)",9.8,"Direct Diversion",0,0,"Appropriative"
"F003891S_01","POINT(-119.00214474 37.02758673)",0,"Direct Diversion",0.027,0,"Federal Claims"
"F005015S_01","POINT(-118.99529335 37.02895978)",0,"Direct Diversion",10000,0,"Federal Claims"
"S005239_01","POINT(-119.47477652 37.20325839)",0,"Direct Diversion",0,0,"Statement of Div and Use"
"S011121_01","POINT(-119.56463821 37.20479265)",0,"Direct Diversion",400,0,"Statement of Div and Use"
"A026536B_01","POINT(-119.23356741 37.20314226)",72,"Direct Diversion",0.1,72,"Appropriative"
"S001821_01","POINT(-119.23356741 37.20314226)",0,"Direct Diversion",0.2,0,"Statement of Div and Use"
"F003839S_01","POINT(-119.19027665 37.2610308)",0,"Direct Diversion",3000,0,"Federal Claims"
"A014104_01","POINT(-119.16519302 37.26093029)",2.8,"Direct Diversion",5000,0,"Appropriative"
"F003851S_01","POINT(-119.14973152 37.26136234)",0,"Direct Diversion",50,0,"Federal Claims"
"S009253_01","POINT(-119.06407618 36.73339413)",0,"Direct Diversion",30000,0,"Statement of Div and Use"
"A014145_01","POINT(-118.81256981 36.73133659)",1,"Direct Diversion",2140,0,"Appropriative"
"A027060_01","POINT(-119.06987843 36.734215)",14.8,"Diversion to Storage",0,0,"Appropriative"
"F003963S_01","POINT(-119.49311994 37.11886608)",0,"Direct Diversion",200,0,"Federal Claims"
"F003858S_01","POINT(-119.05342028 37.11656537)",0,"Direct Diversion",500,0,"Federal Claims"
"C004075_01","POINT(-119.68643227 37.12000946)",0,"Diversion to Storage",0,0,"Stockpond"
"S005010_01","POINT(-119.47426144 37.1197658)",0,"Direct Diversion",0,0,"Statement of Div and Use"
"F003829S_01","POINT(-119.37102318 37.11985331)",0,"Direct Diversion",80,0,"Federal Claims"
"F009205S_01","POINT(-119.41115766 37.1208217)",0,"Direct Diversion",3,0,"Federal Claims"
"C002253_01","POINT(-119.38471807 36.77207587)",0,"Direct Diversion",0,0,"Stockpond"
"A014484_01","POINT(-119.16039 37.26450707)",3.9,"Diversion to Storage",6000,0,"Appropriative"
"F003739S_01","POINT(-119.25014517 36.86335079)",0,"Direct Diversion",3600,0,"Federal Claims"
"C000139_01","POINT(-119.35715485 36.86610218)",0,"Direct Diversion",0,0,"Stockpond"
"S005468_01","POINT(-119.8015934 36.86779684)",0,"Direct Diversion",0.513,0,"Statement of Div and Use"
"F003917S_01","POINT(-119.19170097 36.86757808)",0,"Direct Diversion",60,0,"Federal Claims"
"F003890S_01","POINT(-118.96156882 36.99132357)",0,"Direct Diversion",150,0,"Federal Claims"
"S004701_01","POINT(-118.99582326 36.73423436)",0,"Direct Diversion",0.111,0,"Statement of Div and Use"
"S001962_01","POINT(-119.45145763 36.7408037)",0,"Movable Point of Diversion",175,0,"Statement of Div and Use"
"S001963_01","POINT(-119.44464436 36.74302666)",0,"Movable Point of Diversion",175,0,"Statement of Div and Use"
"S001918_01","POINT(-119.44464436 36.74302666)",0,"Movable Point of Diversion",1712,0,"Statement of Div and Use"
"F011120S_01","POINT(-119.40669887 37.12083683)",0,"Direct Diversion",150,0,"Federal Claims"
"F003759C_01","POINT(-119.40566992 37.1208403)",0,"Direct Diversion",0,0,"Federal Stockponds"
"F008780S_01","POINT(-119.40224725 37.12222505)",0,"Direct Diversion",720,0,"Federal Claims"
"C002951_01","POINT(-119.59656349 37.1230661)",0,"Direct Diversion",0,0,"Stockpond"
"F003768C_01","POINT(-119.3971024 37.12224211)",0,"Direct Diversion",0,0,"Federal Stockponds"
"A029175_01","POINT(-119.52262913 36.76743354)",40167,"Diversion to Storage",50,4463,"Appropriative"
"A031200_02","POINT(-119.52258144 36.76745023)",153809,"Diversion to Storage",2100,110700,"Appropriative"
"S008782_01","POINT(-119.24771502 37.33164619)",0,"Direct Diversion",0.025,0,"Statement of Div and Use"
"A030593_01","POINT(-119.7045 36.9998)",21900,"Diversion to Storage",30,21900,"Appropriative"
"F027722_01","POINT(-119.23141904 36.88838382)",0,"Diversion to Storage",0,0,"Federal Claims"
"F003895S_01","POINT(-119.13499101 36.88962877)",0,"Direct Diversion",150,0,"Federal Claims"
"A014147_01","POINT(-119.2204853 36.89142574)",0.8,"Direct Diversion",1200,0,"Appropriative"
"S003921_01","POINT(-119.30187586 36.89207331)",0,"Direct Diversion",0,0,"Statement of Div and Use"
"F003791C_01","POINT(-119.19724022 36.89476209)",0,"Direct Diversion",0,0,"Federal Stockponds"
"F003754S_01","POINT(-119.08015452 36.7707415)",0,"Direct Diversion",590,0,"Federal Claims"
"X003438_01","POINT(-119.51751133 36.77344922)",0,"Direct Diversion",0,0,"Appropriative"
"C002260_01","POINT(-119.36901994 36.77377327)",0,"Direct Diversion",0,0,"Stockpond"
"C002128_01","POINT(-119.09108187 36.77210722)",0,"Direct Diversion",0,0,"Stockpond"
"A012720_01","POINT(-118.93163123 36.77266902)",38.9,"Diversion to Storage",0.08,0,"Appropriative"
"S013059_01","POINT(-119.56461859 37.09355727)",0,"Diversion to Storage",1440,0,"Statement of Div and Use"
"A022269_01","POINT(-119.50855925 37.0936705)",20,"Diversion to Storage",0,0,"Appropriative"
"F003916S_01","POINT(-119.20475718 36.89227749)",0,"Direct Diversion",90,0,"Federal Claims"
"S011084_01","POINT(-119.0595103 37.00848378)",0,"Direct Diversion",865,0,"Statement of Div and Use"
"F003777C_01","POINT(-119.35714894 37.01250299)",0,"Direct Diversion",0,0,"Federal Stockponds"
"C003998_01","POINT(-119.4780616 37.01373136)",0,"Diversion to Storage",0,0,"Stockpond"
"C002696_01","POINT(-119.66247139 36.92990257)",0,"Direct Diversion",0,0,"Stockpond"
"F003939S_01","POINT(-119.26592238 36.92814047)",0,"Direct Diversion",150,0,"Federal Claims"
"C002697_01","POINT(-119.65563342 36.93048956)",0,"Direct Diversion",0,0,"Stockpond"
"C002559_01","POINT(-119.6101272 36.93045539)",0,"Direct Diversion",0,0,"Stockpond"
"C002561_01","POINT(-119.6325393 36.93061378)",0,"Direct Diversion",0,0,"Stockpond"
"F003903S_01","POINT(-119.18295925 36.92939347)",0,"Direct Diversion",150,0,"Federal Claims"
"A019002_01","POINT(-119.02557841 36.93007744)",238.9,"Direct Diversion",0.33,0,"Appropriative"
"S003893_01","POINT(-119.03994839 36.93062307)",0,"Direct Diversion",0,0,"Statement of Div and Use"
"A016102_01","POINT(-119.03141558 37.39643219)",11859.7,"Direct Diversion",15,0,"Appropriative"
"S003793_01","POINT(-119.23356741 37.20314226)",0,"Direct Diversion",0,0,"Statement of Div and Use"
"A026536A_01","POINT(-119.23356741 37.20314226)",194.4,"Direct Diversion",0.269,194.4,"Appropriative"
"S013056_01","POINT(-119.55282234 37.09814407)",0,"Diversion to Storage",390,0,"Statement of Div and Use"
"C000475_01","POINT(-119.51478297 36.71719968)",0,"Direct Diversion",0,0,"Stockpond"
"C001513_01","POINT(-119.54829689 37.01645237)",0,"Direct Diversion",0,0,"Stockpond"
"F003784C_01","POINT(-119.20110012 36.93238604)",0,"Direct Diversion",0,0,"Federal Stockponds"
"C002564_01","POINT(-119.62610232 36.93847593)",0,"Direct Diversion",0,0,"Stockpond"
"A019746_01","POINT(-119.50609936 37.03243117)",17,"Diversion to Storage",0,0,"Appropriative"
"F011083S_01","POINT(-119.00334382 37.0296467)",0,"Direct Diversion",6000,0,"Federal Claims"
"A022726_02","POINT(-119.74902812 37.03446033)",26.2,"Direct Diversion",0,0,"Appropriative"
"A017363_01","POINT(-119.54585256 37.03404217)",48,"Direct Diversion",0,0,"Appropriative"
"S005240_01","POINT(-119.47171332 37.20766481)",0,"Direct Diversion",8000,0,"Statement of Div and Use"
"F003789S_01","POINT(-119.07562842 37.2052662)",0,"Direct Diversion",50,0,"Federal Claims"
"F005011S_01","POINT(-119.42466984 37.20756502)",0,"Direct Diversion",250,0,"Federal Claims"
"A026536A_01","POINT(-119.23392119 37.20657466)",194.4,"Direct Diversion",0.269,194.4,"Appropriative"
"S001820_01","POINT(-119.23392119 37.20657466)",0,"Direct Diversion",1.4,0,"Statement of Div and Use"
"S001953_01","POINT(-119.46224268 36.71796351)",0,"Movable Point of Diversion",175,0,"Statement of Div and Use"
"A008225_01","POINT(-118.99036513 36.71528074)",7.3,"Direct Diversion",6500,0,"Appropriative"
"S003746_01","POINT(-119.24469231 36.86858087)",0,"Direct Diversion",3250,0,"Statement of Div and Use"
"F003757C_01","POINT(-119.40459334 37.11178025)",0,"Direct Diversion",0,0,"Federal Stockponds"
"F003762C_01","POINT(-119.40739501 37.12275707)",0,"Direct Diversion",0,0,"Federal Stockponds"
"A023979_01","POINT(-119.38715843 37.12282378)",0.2,"Direct Diversion",0,0,"Appropriative"
"A026536_01","POINT(-119.23392119 37.20657466)",0,"Direct Diversion",1,0,"Appropriative"
"A024701_01","POINT(-119.33058329 37.20731015)",301038,"Direct Diversion",682.22,0,"Appropriative"
"A026546_01","POINT(-119.33058329 37.20731015)",54202,"Direct Diversion",75,0,"Appropriative"
"A011352_01","POINT(-119.33058329 37.20731015)",506784.3,"Direct Diversion",700,0,"Appropriative"
"F003740S_01","POINT(-119.24674524 36.86912603)",0,"Direct Diversion",36000,0,"Federal Claims"
"A027546_01","POINT(-120.31983149 36.87236088)",15700,"Diversion to Storage",55,15700,"Appropriative"
"F011087S_01","POINT(-119.2135943 36.87276016)",0,"Direct Diversion",200,0,"Federal Claims"
"A015845_01","POINT(-119.30590537 36.8733851)",0.6,"Direct Diversion",500,0,"Appropriative"
"F003899S_01","POINT(-119.09803744 36.87208499)",0,"Direct Diversion",300,0,"Federal Claims"
"S008783_01","POINT(-119.4021956 37.11233759)",0,"Direct Diversion",0,0,"Statement of Div and Use"
"A025090_01","POINT(-119.44283702 37.11260704)",0,"Diversion to Storage",150,0,"Appropriative"
"A026829_01","POINT(-119.44283702 37.11260704)",0.2,"Diversion to Storage",350,0,"Appropriative"
"F003962S_01","POINT(-119.49719836 37.11308149)",0,"Direct Diversion",200,0,"Federal Claims"
"A019227_03","POINT(-119.70399089 37.11381329)",61.5,"Direct Diversion",0,0,"Appropriative"
"A031200_03","POINT(-119.56732738 36.75612134)",153809,"Diversion to Storage",2100,110700,"Appropriative"
"S004935_01","POINT(-119.56761804 36.75665285)",0,"Direct Diversion",100,0,"Statement of Div and Use"
"A029175_01","POINT(-119.56761804 36.75665285)",40167,"Diversion to Storage",200,17852,"Appropriative"
"C001362_01","POINT(-119.17230786 36.7560871)",0,"Direct Diversion",0,0,"Stockpond"
"A020486_02","POINT(-119.08184566 36.75563283)",32,"Direct Diversion",0,0,"Appropriative"
"A029245_02","POINT(-119.63063688 36.76086923)",0,"Diversion to Storage",0,0,"Appropriative"
"F003766C_01","POINT(-119.39539168 37.12307171)",0,"Direct Diversion",0,0,"Federal Stockponds"
"F003761C_01","POINT(-119.40911436 37.12357522)",0,"Direct Diversion",0,0,"Federal Stockponds"
"F003828S_01","POINT(-119.37104039 37.12342378)",0,"Direct Diversion",50,0,"Federal Claims"
"F003769C_01","POINT(-119.40088673 37.12442683)",0,"Direct Diversion",0,0,"Federal Stockponds"
"F003961S_01","POINT(-119.51383391 37.12527124)",0,"Direct Diversion",200,0,"Federal Claims"
"F003765C_01","POINT(-119.40878011 37.12522428)",0,"Direct Diversion",0,0,"Federal Stockponds"
"F003889S_01","POINT(-118.9001103 37.1220244)",0,"Direct Diversion",200,0,"Federal Claims"
"F003964S_01","POINT(-119.51107731 37.12620926)",0,"Direct Diversion",520,0,"Federal Claims"
"F003770C_01","POINT(-119.40123975 37.12634825)",0,"Direct Diversion",0,0,"Federal Stockponds"
"A024900_01","POINT(-119.57845119 37.33811235)",2.7,"Direct Diversion",3600,2.7,"Appropriative"
"A031200_01","POINT(-119.67086271 36.87588107)",153809,"Diversion to Storage",2100,11700,"Appropriative"
"F003918S_01","POINT(-119.29719155 36.87450564)",0,"Direct Diversion",600,0,"Federal Claims"
"A031186_01","POINT(-119.70494272 37.00063108)",73000,"Diversion to Storage",100,73000,"Appropriative"
"A025882_01","POINT(-119.7045 36.9998)",3145682.2,"Diversion to Storage",4345,0,"Appropriative"
"A001465_01","POINT(-119.70722438 37.00259775)",2124486.5,"Direct Diversion",3000,0,"Appropriative"
"A000360_05","POINT(-119.44031385 36.76172132)",2786000,"Diversion to Storage",5000,0,"Appropriative"
"S001937_01","POINT(-119.4433895 36.76225936)",0,"Direct Diversion",1465,0,"Statement of Div and Use"
"A005640_11","POINT(-119.4433895 36.76225936)",913412.4,"Diversion to Storage",3059,0,"Appropriative"
"S001925_01","POINT(-119.4433895 36.76225936)",0,"Movable Point of Diversion",2330,0,"Statement of Div and Use"
"A000360_04","POINT(-119.44065994 36.76254411)",2786000,"Diversion to Storage",5000,0,"Appropriative"
"A020486_01","POINT(-119.07775539 36.76167853)",32,"Direct Diversion",0,0,"Appropriative"
"E000011_01","POINT(-119.44203809 36.76473652)",0,"Diversion to Storage",0,0,"Cert of Right - Power"
"F003800C_01","POINT(-119.14458636 36.90060469)",0,"Direct Diversion",0,0,"Federal Stockponds"
"F003799C_01","POINT(-119.15313701 36.90086885)",0,"Direct Diversion",0,0,"Federal Stockponds"
"C003802_01","POINT(-119.14800693 36.90087523)",0,"Direct Diversion",0,0,"Stockpond"
"S011164_01","POINT(-119.25916222 36.90178646)",0,"Direct Diversion",775,0,"Statement of Div and Use"
"S001098_01","POINT(-120.37467817 36.78056483)",0,"Direct Diversion",300,0,"Statement of Div and Use"
"S001938_01","POINT(-119.42642309 36.7809995)",0,"Direct Diversion",580,0,"Statement of Div and Use"
"A000360_03","POINT(-119.42677215 36.78237168)",2786000,"Diversion to Storage",5000,0,"Appropriative"
"A005640_03","POINT(-119.42677215 36.78237168)",913412.4,"Diversion to Storage",3059,0,"Appropriative"
"A011270_01","POINT(-119.57223246 37.3402605)",36.2,"Diversion to Storage",0.05,0,"Appropriative"
"A015566_01","POINT(-119.57223246 37.3402605)",355,"Direct Diversion",0.57,355,"Appropriative"
"A003736_01","POINT(-119.57223246 37.3402605)",217.2,"Diversion to Storage",0.3,0,"Appropriative"
"F003945S_01","POINT(-119.28244319 37.00171466)",0,"Direct Diversion",300,0,"Federal Claims"
"S013054_01","POINT(-119.56191078 37.09837654)",0,"Diversion to Storage",0.029,0,"Statement of Div and Use"
"S003769_01","POINT(-119.49882053 37.09879253)",0,"Direct Diversion",0,0,"Statement of Div and Use"
"S007988_01","POINT(-119.31777052 37.09803286)",0,"Direct Diversion",24000,0,"Statement of Div and Use"
"F003790C_01","POINT(-119.20034657 36.90574396)",0,"Direct Diversion",0,0,"Federal Stockponds"
"F003796C_01","POINT(-119.16751198 36.90579394)",0,"Direct Diversion",0,0,"Federal Stockponds"
"F003801C_01","POINT(-119.14288601 36.90582551)",0,"Direct Diversion",0,0,"Federal Stockponds"
"F003910S_01","POINT(-119.21403145 36.90709385)",0,"Direct Diversion",60,0,"Federal Claims"
"F003788C_01","POINT(-119.21095391 36.90737394)",0,"Direct Diversion",0,0,"Federal Stockponds"
"F003803C_01","POINT(-119.14870418 36.90774123)",0,"Direct Diversion",0,0,"Federal Stockponds"
"F003797C_01","POINT(-119.15212617 36.908561)",0,"Direct Diversion",0,0,"Federal Stockponds"
"A000722_01","POINT(-119.08748125 36.90917408)",181000,"Direct Diversion",250,0,"Appropriative"
"F003785C_01","POINT(-119.20206894 36.91041056)",0,"Direct Diversion",0,0,"Federal Stockponds"
"A028712_01","POINT(-120.37228011 36.78536845)",0,"Diversion to Storage",500,0,"Appropriative"
"C000138_01","POINT(-119.32396025 36.93925996)",0,"Direct Diversion",0,0,"Stockpond"
"C002562_01","POINT(-119.63707222 36.94089017)",0,"Direct Diversion",0,0,"Stockpond"
"F003781C_01","POINT(-119.1976984 36.94008248)",0,"Direct Diversion",0,0,"Federal Stockponds"
"F003904S_01","POINT(-119.18298599 36.94065499)",0,"Direct Diversion",90,0,"Federal Claims"
"A025279_01","POINT(-119.44155242 37.09791755)",0.1,"Direct Diversion",300,0.1,"Appropriative"
"S013052_01","POINT(-119.55695087 37.10004762)",0,"Diversion to Storage",1730,0,"Statement of Div and Use"
"A025113_01","POINT(-119.43882346 37.10039945)",0.3,"Diversion to Storage",250,0,"Appropriative"
"S007989_01","POINT(-119.32189315 37.09994453)",0,"Direct Diversion",0.045,0,"Statement of Div and Use"
"A020053_01","POINT(-118.98586007 37.09789849)",0.4,"Diversion to Storage",950,0,"Appropriative"
"F011090S_01","POINT(-119.13844853 36.91077479)",0,"Direct Diversion",150,0,"Federal Claims"
"A016317_01","POINT(-119.57094183 37.02156536)",50,"Diversion to Storage",0,0,"Appropriative"
"F003942S_01","POINT(-119.29266151 36.94208682)",0,"Direct Diversion",150,0,"Federal Claims"
"C002558_01","POINT(-119.59331202 36.94619647)",0,"Direct Diversion",0,0,"Stockpond"
"F003787S_01","POINT(-119.27128627 36.94543291)",0,"Direct Diversion",150,0,"Federal Claims"
"F011089S_01","POINT(-119.22030185 36.94691016)",0,"Direct Diversion",150,0,"Federal Claims"
"C002563_01","POINT(-119.66999439 36.94908818)",0,"Direct Diversion",0,0,"Stockpond"
"S003878_01","POINT(-118.87091035 36.94428928)",0,"Direct Diversion",0,0,"Statement of Div and Use"
"F003943S_01","POINT(-119.29200523 36.94950457)",0,"Direct Diversion",150,0,"Federal Claims"
"F003905S_01","POINT(-119.18403287 36.94916821)",0,"Direct Diversion",1000,0,"Federal Claims"
"C002393_01","POINT(-119.30210617 36.95085302)",0,"Direct Diversion",0,0,"Stockpond"
"S008073_01","POINT(-118.96432792 36.94847632)",0,"Direct Diversion",0,0,"Statement of Div and Use"
"A017364_01","POINT(-119.54330633 37.03734971)",8,"Direct Diversion",0,0,"Appropriative"
"S003816_01","POINT(-119.41819479 37.40595696)",0,"Direct Diversion",0,0,"Statement of Div and Use"
"F003969S_01","POINT(-119.40132915 37.20929282)",0,"Direct Diversion",70,0,"Federal Claims"
"S003752_01","POINT(-118.83716488 36.71956176)",0,"Direct Diversion",0,0,"Statement of Div and Use"
"A009898_01","POINT(-118.98285783 36.72132279)",1.7,"Diversion to Storage",1500,0,"Appropriative"
"A008793A_01","POINT(-118.98285783 36.72132279)",2.8,"Diversion to Storage",2500,0,"Appropriative"
"F003745S_01","POINT(-118.8105505 36.71979659)",0,"Direct Diversion",100,0,"Federal Claims"
"C002502_01","POINT(-119.74639772 37.02345698)",0,"Direct Diversion",0,0,"Stockpond"
"C002501_01","POINT(-119.75870708 37.02573311)",0,"Direct Diversion",0,0,"Stockpond"
"A026547_01","POINT(-119.40494422 37.11328968)",216810,"Direct Diversion",300,0,"Appropriative"
"F027721_01","POINT(-119.40494422 37.11328968)",0,"Diversion to Storage",0,0,"Federal Claims"
"S011048_01","POINT(-119.40494422 37.11328968)",0,"Direct Diversion",7200,0,"Statement of Div and Use"
"F003767C_01","POINT(-119.39671695 37.11400369)",0,"Direct Diversion",0,0,"Federal Stockponds"
"S003832_01","POINT(-119.39603387 37.11455525)",0,"Direct Diversion",0,0,"Statement of Div and Use"
"A022726_03","POINT(-119.74008489 37.03797298)",26.2,"Direct Diversion",0,0,"Appropriative"
"S008906_01","POINT(-119.46726619 37.21042861)",0,"Direct Diversion",5,0,"Statement of Div and Use"
"S008898_01","POINT(-119.46726619 37.21042861)",0,"Direct Diversion",8000,0,"Statement of Div and Use"
"S008974_01","POINT(-119.46726619 37.21042861)",0,"Direct Diversion",0.19,0,"Statement of Div and Use"
"S008768_01","POINT(-119.46830136 37.21124854)",0,"Direct Diversion",0.557,0,"Statement of Div and Use"
"S003932_01","POINT(-119.50857673 37.2114719)",0,"Direct Diversion",0,0,"Statement of Div and Use"
"S001957_01","POINT(-119.47733328 36.73053999)",0,"Movable Point of Diversion",175,0,"Statement of Div and Use"
"A000360_09","POINT(-119.47597335 36.73136946)",2786000,"Diversion to Storage",5000,0,"Appropriative"
"A005640_07","POINT(-119.47597505 36.73164414)",913412.4,"Diversion to Storage",3059,0,"Appropriative"
"C001580_01","POINT(-119.49372555 36.73239637)",0,"Direct Diversion",0,0,"Stockpond"
"S003898_01","POINT(-119.07957772 36.87374648)",0,"Direct Diversion",0,0,"Statement of Div and Use"
"S003900_01","POINT(-119.09838317 36.87510615)",0,"Direct Diversion",0,0,"Statement of Div and Use"
"F003772C_01","POINT(-119.40186699 37.11508526)",0,"Direct Diversion",0,0,"Federal Stockponds"
"A019763_02","POINT(-118.9982032 37.11300587)",24,"Diversion to Storage",0.057,24,"Appropriative"
"C002952_01","POINT(-119.59016959 37.11678053)",0,"Direct Diversion",0,0,"Stockpond"
"F003968S_01","POINT(-119.4824757 37.1169866)",0,"Direct Diversion",90,0,"Federal Claims"
"F003758C_01","POINT(-119.40530525 37.11672168)",0,"Direct Diversion",0,0,"Federal Stockponds"
"F003771C_01","POINT(-119.4025687 37.11810414)",0,"Direct Diversion",0,0,"Federal Stockponds"
"C000700_01","POINT(-119.69994857 37.04264846)",0,"Direct Diversion",0,0,"Stockpond"
"A028679_01","POINT(-119.54693887 37.04227718)",2.4,"Diversion to Storage",0,0,"Appropriative"
"A001463_01","POINT(-119.52511683 37.12811263)",654779.8,"Direct Diversion",900,651579.8,"Appropriative"
"A000829_01","POINT(-119.52511683 37.12811263)",506784.3,"Direct Diversion",700,0,"Appropriative"
"A025512_01","POINT(-119.52511683 37.12811263)",3330296.5,"Diversion to Storage",4600,0,"Appropriative"
"F011118S_01","POINT(-119.41085132 37.12768914)",0,"Direct Diversion",536,0,"Federal Claims"
"A027719_01","POINT(-119.38684028 37.1277686)",0.2,"Diversion to Storage",0,0,"Appropriative"
"F011108S_01","POINT(-119.39232992 37.12802551)",0,"Direct Diversion",44,0,"Federal Claims"
"F003764C_01","POINT(-119.39747658 37.12828331)",0,"Direct Diversion",0,0,"Federal Stockponds"
"S001814_01","POINT(-118.97483234 37.27065063)",0,"Direct Diversion",0.11,0,"Statement of Div and Use"
"A013929_01","POINT(-119.34171144 37.27558281)",1483159.5,"Direct Diversion",62,0,"Appropriative"
"A011826_01","POINT(-119.43785965 37.0515134)",0,"Diversion to Storage",650,0,"Appropriative"
"A022726_01","POINT(-119.74576559 37.05229216)",26.2,"Direct Diversion",0,0,"Appropriative"
"F005009S_01","POINT(-119.47710232 37.13541)",0,"Direct Diversion",1500,0,"Federal Claims"
"C002610_01","POINT(-119.76988085 37.07441823)",0,"Direct Diversion",0,0,"Stockpond"
"F003866S_01","POINT(-119.15450655 37.07253404)",0,"Direct Diversion",10000,0,"Federal Claims"
"A022833_01","POINT(-119.47398403 37.07472281)",0,"Direct Diversion",150,0,"Appropriative"
"F003773S_01","POINT(-119.47398403 37.07472281)",0,"Direct Diversion",1000,0,"Federal Claims"
"F003946S_01","POINT(-119.32897352 36.99143391)",0,"Direct Diversion",300,0,"Federal Claims"
"F003870S_01","POINT(-119.15556143 37.08571631)",0,"Direct Diversion",4000,0,"Federal Claims"
"S003871_01","POINT(-119.15556143 37.08571631)",0,"Direct Diversion",0,0,"Statement of Div and Use"
"A018540_01","POINT(-119.50903813 37.08831259)",37.5,"Direct Diversion",0,0,"Appropriative"
"A021951_01","POINT(-119.50903813 37.08831259)",10,"Direct Diversion",0,0,"Appropriative"
"S008951_01","POINT(-119.53364801 36.48444988)",0,"Movable Point of Diversion",580,0,"Statement of Div and Use"
"S001944_01","POINT(-119.53603106 36.48471387)",0,"Direct Diversion",1060,0,"Statement of Div and Use"
"S001980_01","POINT(-119.53603106 36.48471387)",0,"Movable Point of Diversion",1060,0,"Statement of Div and Use"
"S001928_01","POINT(-119.53603106 36.48471387)",0,"Direct Diversion",1060,0,"Statement of Div and Use"
"A031153_01","POINT(-120.37286046 36.7880333)",750000,"Diversion to Storage",1000,650000,"Appropriative"
"A031200_01","POINT(-119.51154177 36.7888878)",153809,"Diversion to Storage",2100,110700,"Appropriative"
"A020148_01","POINT(-119.49601552 37.08919103)",5.9,"Diversion to Storage",0,0,"Appropriative"
"A018540_02","POINT(-119.51384708 37.08966541)",37.5,"Direct Diversion",0,0,"Appropriative"
"S003780_01","POINT(-119.22139192 37.08836038)",0,"Direct Diversion",0,0,"Statement of Div and Use"
"A026152_01","POINT(-119.45796333 37.08989114)",0.4,"Direct Diversion",600,0.4,"Appropriative"
"A020869_01","POINT(-119.53031226 37.09082978)",20,"Direct Diversion",0,0,"Appropriative"
"A023214_01","POINT(-119.53031226 37.09082978)",33,"Direct Diversion",0,0,"Appropriative"
"F003867S_01","POINT(-119.16173922 37.08900412)",0,"Direct Diversion",11000,0,"Federal Claims"
"S001073_01","POINT(-120.35007483 36.79097183)",0,"Direct Diversion",210,0,"Statement of Div and Use"
"A029176_01","POINT(-119.7451587 36.79440881)",17852,"Diversion to Storage",200,17852,"Appropriative"
"C002258_01","POINT(-119.34588795 36.79307001)",0,"Direct Diversion",0,0,"Stockpond"
"F003755S_01","POINT(-119.09896057 36.79215281)",0,"Direct Diversion",520,0,"Federal Claims"
"F003751S_01","POINT(-119.13072414 36.79322144)",0,"Direct Diversion",430,0,"Federal Claims"
"A007434_01","POINT(-118.91314211 36.81852805)",1.1,"Direct Diversion",2000,0,"Appropriative"
"A029245_01","POINT(-119.53017881 36.8227494)",0,"Diversion to Storage",0,0,"Appropriative"
"C002251_01","POINT(-119.42050543 36.82304695)",0,"Direct Diversion",0,0,"Stockpond"
"A016456_01","POINT(-119.08874924 36.82210081)",0,"Direct Diversion",125,0,"Appropriative"
"S001596_01","POINT(-119.86794953 36.38496013)",0,"Direct Diversion",5.6,0,"Statement of Div and Use"
"A000360_05","POINT(-119.87508671 36.38518254)",2786000,"Diversion to Storage",5000,0,"Appropriative"
"S001930_01","POINT(-119.87441037 36.38546223)",0,"Movable Point of Diversion",82,0,"Statement of Div and Use"
"S009957_01","POINT(-119.87441037 36.38546223)",0,"Movable Point of Diversion",272,0,"Statement of Div and Use"
"S008224_01","POINT(-119.87441037 36.38546223)",0,"Direct Diversion",82,0,"Statement of Div and Use"
"S015445_01","POINT(-119.31605969 37.05140998)",0,"Movable Point of Diversion",150,0.2,"Statement of Div and Use"
"C000112_01","POINT(-119.69709306 37.05334061)",0,"Direct Diversion",0,0,"Stockpond"
"C000113_01","POINT(-119.70685904 37.05340742)",0,"Direct Diversion",0,0,"Stockpond"
"S013875_01","POINT(-119.30044648 37.0519345)",0,"Diversion to Storage",1370,0,"Statement of Div and Use"
"S013843_01","POINT(-119.3009 37.0521)",0,"Diversion to Storage",1370,0,"Statement of Div and Use"
"F003874S_01","POINT(-119.16097502 37.05137681)",0,"Direct Diversion",150,0,"Federal Claims"
"S015432_01","POINT(-119.31621191 37.05244351)",0,"Diversion to Storage",0.013,9.6,"Statement of Div and Use"
"S013842_01","POINT(-119.3007913 37.05248296)",0,"Diversion to Storage",1370,0,"Statement of Div and Use"
"A019579_01","POINT(-119.56005189 37.05498858)",3,"Direct Diversion",0,0,"Appropriative"
"A011809_01","POINT(-119.44164796 37.05479551)",0,"Diversion to Storage",1000,0,"Appropriative"
"C002257_01","POINT(-119.41095212 36.82555218)",0,"Direct Diversion",0,0,"Stockpond"
"C000182_01","POINT(-119.19022788 36.82473059)",0,"Direct Diversion",0,0,"Stockpond"
"F003741S_01","POINT(-119.00675186 36.82487918)",0,"Direct Diversion",480,0,"Federal Claims"
"C002252_01","POINT(-119.41267957 36.82911711)",0,"Direct Diversion",0,0,"Stockpond"
"A029214_01","POINT(-119.47921424 36.83078441)",2,"Diversion to Storage",0,0,"Appropriative"
"A005640_01","POINT(-119.87441037 36.38546223)",913412.4,"Diversion to Storage",3059,0,"Appropriative"
"A000360_02","POINT(-119.87441347 36.38573691)",2786000,"Diversion to Storage",5000,0,"Appropriative"
"S003232_01","POINT(-119.85233151 36.3858972)",0,"Direct Diversion",3.34,0,"Statement of Div and Use"
"S001967_01","POINT(-119.78710567 36.38648406)",0,"Movable Point of Diversion",276,0,"Statement of Div and Use"
"S001804_01","POINT(-119.90265827 36.38964653)",0,"Direct Diversion",2.7,0,"Statement of Div and Use"
"S015516_01","POINT(-119.32982989 37.06229374)",0,"Diversion to Storage",5830,6.1,"Statement of Div and Use"
"S001113_01","POINT(-119.51324184 36.97320967)",0,"Direct Diversion",0,0,"Statement of Div and Use"
"S003782_01","POINT(-119.21831863 36.97163413)",0,"Direct Diversion",0,0,"Statement of Div and Use"
"A005640_05","POINT(-119.78949635 36.3877044)",913412.4,"Diversion to Storage",3059,0,"Appropriative"
"S003872_01","POINT(-119.15808592 37.06291635)",0,"Direct Diversion",0,0,"Statement of Div and Use"
"S015523_01","POINT(-119.64931953 37.06563649)",0,"Diversion to Storage",0.72,2900,"Statement of Div and Use"
"A019193_01","POINT(-119.49860704 37.06583413)",28,"Diversion to Storage",0,0,"Appropriative"
"C002388_01","POINT(-119.51309263 36.97650638)",0,"Direct Diversion",0,0,"Stockpond"
"A022724_01","POINT(-119.773901 36.97776317)",20.3,"Direct Diversion",0,0,"Appropriative"
"S011100_01","POINT(-119.47502761 37.07719064)",0,"Direct Diversion",2880,0,"Statement of Div and Use"
"A027544_01","POINT(-119.47502761 37.07719064)",0.3,"Diversion to Storage",400,0.3,"Appropriative"
"F011117S_01","POINT(-119.47502761 37.07719064)",0,"Direct Diversion",150,0,"Federal Claims"
"F003775S_01","POINT(-119.47502761 37.07719064)",0,"Direct Diversion",200,0,"Federal Claims"
"F003868S_01","POINT(-119.15828601 37.07692371)",0,"Direct Diversion",5300,0,"Federal Claims"
"F005021S_01","POINT(-119.15828601 37.07692371)",0,"Direct Diversion",1000,0,"Federal Claims"
"A005640_02","POINT(-119.5367209 36.48608427)",913412.4,"Diversion to Storage",3059,0,"Appropriative"
"A005640_01","POINT(-119.5367209 36.48608427)",913412.4,"Diversion to Storage",3059,0,"Appropriative"
"A019637_01","POINT(-119.39787354 37.13871889)",0.4,"Direct Diversion",516,0,"Appropriative"
"C002932_01","POINT(-119.6227451 37.13987338)",0,"Direct Diversion",0,0,"Stockpond"
"A019641_01","POINT(-119.47572507 37.07911051)",0.1,"Direct Diversion",180,0,"Appropriative"
"A023257_01","POINT(-119.52698746 37.08095663)",4,"Direct Diversion",0,0,"Appropriative"
"A019227_02","POINT(-119.70762135 37.1435014)",61.5,"Direct Diversion",0,0,"Appropriative"
"A005640_02","POINT(-119.39578475 36.7995083)",913412.4,"Diversion to Storage",3059,0,"Appropriative"
"C002249_01","POINT(-119.45047524 36.80645722)",0,"Direct Diversion",0,0,"Stockpond"
"C002255_01","POINT(-119.45321438 36.80754564)",0,"Direct Diversion",0,0,"Stockpond"
"C002934_01","POINT(-119.50036267 36.80873163)",0,"Direct Diversion",0,0,"Stockpond"
"S000586_01","POINT(-119.48786486 36.66896704)",0,"Direct Diversion",2.23,0,"Statement of Div and Use"
"S000385_01","POINT(-119.48786486 36.66896704)",0,"Direct Diversion",3,0,"Statement of Div and Use"
"A028429_01","POINT(-119.03222868 36.67606606)",3,"Diversion to Storage",0,0,"Appropriative"
"S003734_01","POINT(-120.13622002 36.80972116)",0,"Direct Diversion",6,0,"Statement of Div and Use"
"C005238_01","POINT(-119.48141612 36.81073197)",5,"Diversion to Storage",0,0,"Stockpond"
"A007433_01","POINT(-118.92306114 36.80699859)",0.1,"Direct Diversion",50,0,"Appropriative"
"F003738S_01","POINT(-118.74304478 36.80674275)",0,"Direct Diversion",800,0,"Federal Claims"
"F003750S_01","POINT(-119.13656073 36.81051987)",0,"Direct Diversion",430,0,"Federal Claims"
"A025169_01","POINT(-119.32556072 36.83213163)",2732000,"Diversion to Storage",7900,2732000,"Appropriative"
"A005640_01","POINT(-119.32556072 36.83213163)",913412.4,"Diversion to Storage",3059,0,"Appropriative"
"F003735S_01","POINT(-118.72520749 36.82785262)",0,"Direct Diversion",300,0,"Federal Claims"
"A000360_01","POINT(-119.3255642 36.83295566)",2786000,"Direct Diversion",5000,0,"Appropriative"
"F003757S_01","POINT(-119.04229024 36.83366211)",0,"Direct Diversion",590,0,"Federal Claims"
"S000251_01","POINT(-119.91357843 36.39368378)",0,"Direct Diversion",6,0,"Statement of Div and Use"
"A031196_05","POINT(-119.74355744 36.95584465)",12000,"Diversion to Storage",27.45,12000,"Appropriative"
"F003944S_01","POINT(-119.30521071 36.95702532)",0,"Direct Diversion",150,0,"Federal Claims"
"C001776_01","POINT(-119.6142851 36.95845117)",0,"Direct Diversion",0,0,"Stockpond"
"S005014_01","POINT(-119.22341359 36.9578913)",0,"Direct Diversion",0,0,"Statement of Div and Use"
"A012775_01","POINT(-119.15824715 37.05797225)",2.4,"Direct Diversion",5000,0,"Appropriative"
"A018718_01","POINT(-119.50148365 37.06019159)",47,"Direct Diversion",0,0,"Appropriative"
"A000211_01","POINT(-119.34201107 36.84307316)",1.5,"Direct Diversion",1333,0,"Appropriative"
"A031196_03","POINT(-119.73345901 36.97854256)",12000,"Diversion to Storage",27.45,12000,"Appropriative"
"S014827_01","POINT(-119.32207882 36.98032842)",0,"Diversion to Storage",0,0,"Statement of Div and Use"
"A028908_01","POINT(-119.54506313 37.04352171)",3.6,"Diversion to Storage",0,0,"Appropriative"
"A019578_01","POINT(-119.55808943 37.0442858)",19.5,"Direct Diversion",0,0,"Appropriative"
"C005118_01","POINT(-119.74321053 37.06779389)",9.8,"Diversion to Storage",0,0,"Stockpond"
"S001041_01","POINT(-119.16546217 37.06647708)",0,"Direct Diversion",0,0,"Statement of Div and Use"
"F003771S_01","POINT(-119.46058122 37.06900696)",0,"Direct Diversion",200,0,"Federal Claims"
"A020270_01","POINT(-119.42048067 37.06942836)",45,"Diversion to Storage",0,0,"Appropriative"
"F003775C_01","POINT(-119.46538639 37.07008712)",0,"Direct Diversion",0,0,"Federal Stockponds"
"C002503_01","POINT(-119.77128697 36.98255344)",0,"Direct Diversion",0,0,"Stockpond"
"S001074_01","POINT(-120.5007 36.9831)",0,"Direct Diversion",600,0,"Statement of Div and Use"
"A015924_01","POINT(-119.48643861 36.98430818)",48,"Direct Diversion",0,0,"Appropriative"
"A027262_01","POINT(-119.00265704 36.98144294)",0,"Direct Diversion",190,0,"Appropriative"
"A018227_01","POINT(-118.96906677 37.07894333)",6335,"Direct Diversion",0,0,"Appropriative"
"S001939_01","POINT(-120.09477206 36.5682439)",0,"Movable Point of Diversion",226,0,"Statement of Div and Use"
"C000879_01","POINT(-119.68870826 37.13156109)",0,"Direct Diversion",0,0,"Stockpond"
"A020268_01","POINT(-119.42357302 37.07079083)",23.8,"Diversion to Storage",0,0,"Appropriative"
"F003865S_01","POINT(-119.15861299 37.06923283)",0,"Direct Diversion",2500,0,"Federal Claims"
"A024512_01","POINT(-118.96906677 37.07894333)",2714002,"Direct Diversion",9000,2657002,"Appropriative"
"A016469_01","POINT(-118.96906677 37.07894333)",102500,"Direct Diversion",0,0,"Appropriative"
"S013061_01","POINT(-119.54431965 37.08376323)",0,"Diversion to Storage",720,0,"Statement of Div and Use"
"A019005_01","POINT(-119.52683767 37.08411589)",45,"Diversion to Storage",0,0,"Appropriative"
"C001010_01","POINT(-119.75777558 37.08532832)",0,"Direct Diversion",0,0,"Stockpond"
"F003774C_01","POINT(-119.47473224 37.0848823)",0,"Direct Diversion",0,0,"Federal Stockponds"
"A027326A_01","POINT(-119.52342065 37.0857788)",0.3,"Diversion to Storage",0,0,"Appropriative"
"F011081S_01","POINT(-119.38308351 37.13107646)",0,"Direct Diversion",45,0,"Federal Claims"
"F011113S_01","POINT(-119.3998934 37.13129652)",0,"Direct Diversion",750,0,"Federal Claims"
"A019227_01","POINT(-119.72300228 37.13261832)",61.5,"Direct Diversion",0,0,"Appropriative"
"A019636_01","POINT(-119.40195445 37.13183898)",0.4,"Direct Diversion",516,0,"Appropriative"
"F011109S_01","POINT(-119.38857615 37.13188285)",0,"Direct Diversion",44,0,"Federal Claims"
"A020148_01","POINT(-119.50422755 37.08668493)",5.9,"Diversion to Storage",0,0,"Appropriative"
"A027469_02","POINT(-119.51846072 37.08744829)",29,"Diversion to Storage",0,0,"Appropriative"
"C001939_01","POINT(-119.03539177 36.69467519)",0,"Direct Diversion",0,0,"Stockpond"
"A019064_02","POINT(-119.39402428 36.69753423)",420,"Diversion to Storage",1.4,420,"Appropriative"
"A019064_01","POINT(-119.39185319 36.69788746)",420,"Diversion to Storage",1.4,420,"Appropriative"
"S004645_01","POINT(-119.39185319 36.69788746)",0,"Direct Diversion",2,0,"Statement of Div and Use"
"S001948_01","POINT(-119.48738022 36.70028375)",0,"Direct Diversion",175,0,"Statement of Div and Use"
"S003736_01","POINT(-118.96337534 36.79273534)",0,"Direct Diversion",215,0,"Statement of Div and Use"
"S003747_01","POINT(-118.98557428 36.79383931)",0,"Direct Diversion",0,0,"Statement of Div and Use"
"C002259_01","POINT(-119.3465895 36.79718823)",0,"Direct Diversion",0,0,"Stockpond"
"F003756S_01","POINT(-119.12153183 36.81163461)",0,"Direct Diversion",570,0,"Federal Claims"
"C002933_01","POINT(-119.49494471 36.81617058)",0,"Direct Diversion",0,0,"Stockpond"
"A008814_01","POINT(-118.83252964 36.81184808)",1.3,"Direct Diversion",2000,0,"Appropriative"
"F003753S_01","POINT(-118.83150002 36.81404403)",0,"Direct Diversion",100,0,"Federal Claims"
"C002256_01","POINT(-119.41707399 36.8203121)",0,"Direct Diversion",0,0,"Stockpond"
"C002250_01","POINT(-119.41092725 36.82088267)",0,"Direct Diversion",0,0,"Stockpond"
"S001955_01","POINT(-119.5071686 36.70075087)",0,"Movable Point of Diversion",175,0,"Statement of Div and Use"
"A005640_10","POINT(-119.51024955 36.70238588)",913412.4,"Diversion to Storage",3059,0,"Appropriative"
"C001940_01","POINT(-119.03505132 36.69604871)",0,"Direct Diversion",0,0,"Stockpond"
"S001956_01","POINT(-119.48740447 36.7041293)",0,"Movable Point of Diversion",175,0,"Statement of Div and Use"
"C003639_01","POINT(-119.1503553 36.70227841)",0,"Direct Diversion",0,0,"Stockpond"
"A025688_01","POINT(-120.15539501 36.79934326)",1471,"Diversion to Storage",4.84,1471,"Appropriative"
"S010138_01","POINT(-118.88649507 36.81795572)",0,"Direct Diversion",1.25,0,"Statement of Div and Use"
"F003784S_01","POINT(-119.20185923 36.96095061)",0,"Direct Diversion",200,0,"Federal Claims"
"C002565_01","POINT(-119.62936584 36.96098231)",0,"Direct Diversion",0,0,"Stockpond"
"A023258_01","POINT(-119.53206598 37.07173305)",18.1,"Direct Diversion",0,0,"Appropriative"
"D030272R_01","POINT(-119.51744527 36.96192998)",1.5,"Diversion to Storage",0,0,"Registration Domestic"
"A019576_01","POINT(-119.54954784 37.04775855)",3.3,"Direct Diversion",0,0,"Appropriative"
"S015500_01","POINT(-119.33692124 37.04716884)",0,"Diversion to Storage",7200,6.1,"Statement of Div and Use"
"A027712_01","POINT(-119.26827146 36.96411733)",2.5,"Diversion to Storage",0,0,"Appropriative"
"C001326_01","POINT(-119.52944951 36.9654483)",0,"Direct Diversion",0,0,"Stockpond"
"A031196_04","POINT(-119.74096001 36.96734429)",12000,"Diversion to Storage",27.45,12000,"Appropriative"
"A019634_01","POINT(-119.46128153 37.07147623)",0.1,"Direct Diversion",180,0,"Appropriative"
"S001112_01","POINT(-119.5552838 36.98785458)",0,"Direct Diversion",0,0,"Statement of Div and Use"
"A015925_01","POINT(-119.4881766 36.98842121)",48,"Direct Diversion",0,0,"Appropriative"
"S005013_01","POINT(-118.96670679 36.98693061)",0,"Direct Diversion",0,0,"Statement of Div and Use"
"C000175_01","POINT(-119.31996544 37.04858835)",0,"Direct Diversion",0,0,"Stockpond"
"A028358_01","POINT(-119.69299732 37.05180172)",5.3,"Diversion to Storage",0,0,"Appropriative"
"S013189_01","POINT(-119.20963169 37.0502037)",0,"Direct Diversion",0,0,"Statement of Div and Use"
"S001013_01","POINT(-119.48251515 37.41092707)",0,"Direct Diversion",0,0,"Statement of Div and Use"
"S006264_01","POINT(-119.48523601 37.41342257)",0,"Direct Diversion",20,0,"Statement of Div and Use"
"A014150_01","POINT(-119.14542754 37.25669867)",0.3,"Direct Diversion",800,0,"Appropriative"
"A013929_01","POINT(-119.31691616 37.32202872)",1483159.5,"Direct Diversion",1800,0,"Appropriative"
"A026543_01","POINT(-119.31691616 37.32202872)",36135,"Direct Diversion",50,0,"Appropriative"
"A026544_01","POINT(-119.31691616 37.32202872)",289080,"Direct Diversion",400,0,"Appropriative"
"A013907_01","POINT(-119.36139556 37.56334995)",155,"Direct Diversion",0,0,"Appropriative"
"A014455_01","POINT(-119.28651733 37.5634256)",171.1,"Direct Diversion",0.56,0,"Appropriative"
"S001815_01","POINT(-119.0709298 37.32185395)",0,"Direct Diversion",1.5,0,"Statement of Div and Use"
"C000877_01","POINT(-119.35732416 37.19817058)",0,"Direct Diversion",0,0,"Stockpond"
"A001935_01","POINT(-119.25123374 37.19816315)",29.4,"Direct Diversion",0.08,0,"Appropriative"
"F003795S_01","POINT(-119.24659883 37.1981727)",0,"Direct Diversion",1650,0,"Federal Claims"
"A026536A_01","POINT(-119.23578657 37.19901823)",194.4,"Direct Diversion",0.269,194.4,"Appropriative"
"S001822_01","POINT(-119.23578657 37.19901823)",0,"Direct Diversion",0.2,0,"Statement of Div and Use"
"A026536B_01","POINT(-119.23578657 37.19901823)",72,"Direct Diversion",0.1,72,"Appropriative"
"A026536_01","POINT(-119.23578657 37.19901823)",0,"Direct Diversion",0.02,0,"Appropriative"
"S011079_01","POINT(-119.35252508 37.19983258)",0,"Direct Diversion",10,0,"Statement of Div and Use"
"S011072_01","POINT(-119.57018139 37.20085424)",0,"Direct Diversion",750,0,"Statement of Div and Use"
"A026542_01","POINT(-119.30892219 37.20022666)",72270,"Direct Diversion",100,0,"Appropriative"
"S006251_01","POINT(-119.47201622 37.20107204)",0,"Direct Diversion",8100,0,"Statement of Div and Use"
"S011122_01","POINT(-119.56845103 37.20193912)",0,"Direct Diversion",400,0,"Statement of Div and Use"
"F011077S_01","POINT(-119.34266649 37.25828806)",0,"Direct Diversion",5,0,"Federal Claims"
"F003814S_01","POINT(-119.40320847 37.46514517)",0,"Direct Diversion",200,0,"Federal Claims"
"A017595_01","POINT(-119.29496779 37.46738064)",0.2,"Direct Diversion",300,0,"Appropriative"
"A012145_01","POINT(-119.17172094 37.26064657)",0,"Direct Diversion",2200,0,"Appropriative"
"A014103_01","POINT(-119.17172094 37.26064657)",0,"Direct Diversion",1750,0,"Appropriative"
"F010208S_01","POINT(-119.07188035 37.67280186)",0,"Direct Diversion",7950,0,"Federal Claims"
"A019930_01","POINT(-119.5465599 37.33016662)",11.2,"Direct Diversion",10000,0,"Appropriative"
"A017209_01","POINT(-119.36879909 37.59857705)",100,"Direct Diversion",0,0,"Appropriative"
"A017439_01","POINT(-119.34564269 37.42174547)",29,"Diversion to Storage",0.04,0,"Appropriative"
"S014187_01","POINT(-119.54774965 37.42589442)",0,"Diversion to Storage",12.6,9098,"Statement of Div and Use"
"F010206S_01","POINT(-119.08653827 37.68341614)",0,"Direct Diversion",1575,0,"Federal Claims"
"F007364S_01","POINT(-119.07753892 37.6841317)",0,"Direct Diversion",1000,0,"Federal Claims"
"A005271_01","POINT(-119.47565185 37.23374087)",14.5,"Direct Diversion",0.02,0,"Appropriative"
"A010957_01","POINT(-119.49866059 37.23391)",44.2,"Diversion to Storage",0.061,0,"Appropriative"
"F003849S_01","POINT(-119.23966916 37.23306671)",0,"Direct Diversion",0.06,0,"Federal Claims"
"A016424_01","POINT(-119.36525798 37.37744077)",9.2,"Direct Diversion",13000,0,"Appropriative"
"F003843S_01","POINT(-119.20191634 37.24467071)",0,"Direct Diversion",0.03,0,"Federal Claims"
"S005466_01","POINT(-119.46958096 37.1958632)",0,"Direct Diversion",14219,0,"Statement of Div and Use"
"F003930S_01","POINT(-119.53443319 37.28364991)",0,"Direct Diversion",200,0,"Federal Claims"
"A027759_01","POINT(-119.53682156 37.28504288)",0.1,"Diversion to Storage",300,0.1,"Appropriative"
"A011115_01","POINT(-118.95007588 37.29357413)",81942.6,"Direct Diversion",2.2,0,"Appropriative"
"S001017_01","POINT(-119.49435547 37.29869329)",0,"Direct Diversion",100,0,"Statement of Div and Use"
"F005012S_01","POINT(-119.37091472 37.29921518)",0,"Direct Diversion",250,0,"Federal Claims"
"A024520_01","POINT(-119.57406558 37.24771536)",19.5,"Direct Diversion",0,0,"Appropriative"
"A017729_01","POINT(-118.87728109 37.2436718)",271.7,"Direct Diversion",1,0,"Appropriative"
"A019839_01","POINT(-119.20297704 37.2560666)",8.8,"Direct Diversion",15500,0,"Appropriative"
"F003841S_01","POINT(-119.20297704 37.2560666)",0,"Direct Diversion",0.03,0,"Federal Claims"
"F003822S_01","POINT(-118.99510308 37.36155786)",0,"Direct Diversion",320,0,"Federal Claims"
"S001813_01","POINT(-118.99545055 37.27504824)",0,"Direct Diversion",72,0,"Statement of Div and Use"
"A019738_01","POINT(-119.53449692 37.27870657)",1.3,"Direct Diversion",1138,0,"Appropriative"
"F011076S_01","POINT(-119.40202739 37.21148768)",0,"Direct Diversion",5,0,"Federal Claims"
"S011132_01","POINT(-119.40169261 37.21313668)",0,"Direct Diversion",5,0,"Statement of Div and Use"
"S001015_01","POINT(-119.49716362 37.21387945)",0,"Direct Diversion",160,0,"Statement of Div and Use"
"S003931_01","POINT(-119.50578585 37.21474419)",0,"Direct Diversion",0,0,"Statement of Div and Use"
"F003966S_01","POINT(-119.44153084 37.15394749)",0,"Direct Diversion",1500,0,"Federal Claims"
"S003934_01","POINT(-119.47550589 37.15464216)",0,"Direct Diversion",0,0,"Statement of Div and Use"
"S011080_01","POINT(-119.46898634 37.15466771)",0,"Direct Diversion",100,0,"Statement of Div and Use"
"A019227_01","POINT(-119.68363675 37.1562453)",61.5,"Direct Diversion",0,0,"Appropriative"
"S001828_01","POINT(-119.28819735 37.16704529)",0,"Direct Diversion",0.03,0,"Statement of Div and Use"
"F011119S_01","POINT(-119.33645303 37.21470942)",0,"Direct Diversion",300,0,"Federal Claims"
"A020975_01","POINT(-119.2056138 37.21417891)",2.2,"Diversion to Storage",2000,0,"Appropriative"
"S010312_01","POINT(-119.54411359 37.22550115)",0,"Direct Diversion",4500,0,"Statement of Div and Use"
"C002118_01","POINT(-119.54203882 37.22658283)",0,"Direct Diversion",0,0,"Stockpond"
"A029966_02","POINT(-119.54117138 37.22726238)",21.5,"Diversion to Storage",0,0,"Appropriative"
"A027243_01","POINT(-119.54117138 37.22726238)",6,"Diversion to Storage",0,0,"Appropriative"
"S003970_01","POINT(-119.36745916 37.23549213)",0,"Direct Diversion",0,0,"Statement of Div and Use"
"F003790S_01","POINT(-119.15981285 37.23484644)",0,"Direct Diversion",8000,0,"Federal Claims"
"S012877_01","POINT(-119.1596411 37.23484667)",0,"Diversion to Storage",0.39,0,"Statement of Div and Use"
"F003837S_01","POINT(-119.17819277 37.23619402)",0,"Direct Diversion",14000,0,"Federal Claims"
"S003928_01","POINT(-119.51164782 37.23896451)",0,"Direct Diversion",0,0,"Statement of Div and Use"
"F003848S_01","POINT(-119.23813751 37.23760137)",0,"Direct Diversion",4950,0,"Federal Claims"
"A020049_01","POINT(-119.49047824 37.28025763)",10.6,"Direct Diversion",9500,0,"Appropriative"
"A026534_01","POINT(-118.9940758 37.27710791)",134422,"Direct Diversion",55,0,"Appropriative"
"A001345_01","POINT(-119.21423237 37.22624836)",50000,"Direct Diversion",0,0,"Appropriative"
"S011075_01","POINT(-119.517204 37.28680238)",0,"Direct Diversion",200,0,"Statement of Div and Use"
"F011126S_01","POINT(-119.517204 37.28680238)",0,"Direct Diversion",150,0,"Federal Claims"
"S011074_01","POINT(-119.517204 37.28680238)",0,"Direct Diversion",200,0,"Statement of Div and Use"
"F003845S_01","POINT(-119.20553335 37.2483723)",0,"Direct Diversion",300,0,"Federal Claims"
"S001018_01","POINT(-119.5288482 37.29019551)",0,"Direct Diversion",175,0,"Statement of Div and Use"
"S001014_01","POINT(-119.5288482 37.29019551)",0,"Direct Diversion",0,0,"Statement of Div and Use"
"S001818_01","POINT(-119.01985812 37.30100033)",0,"Direct Diversion",24,0,"Statement of Div and Use"
"A011115_01","POINT(-119.04135156 37.31335371)",81942.6,"Direct Diversion",20,0,"Appropriative"
"A023861_01","POINT(-119.20252466 37.21473341)",0.7,"Direct Diversion",600,0,"Appropriative"
"A019640_01","POINT(-119.35781666 37.15642223)",0.4,"Direct Diversion",516,0,"Appropriative"
"F003965S_01","POINT(-119.43811986 37.15753043)",0,"Direct Diversion",1500,0,"Federal Claims"
"C002929_01","POINT(-119.6012349 37.15976027)",0,"Direct Diversion",0,0,"Stockpond"
"A019638_01","POINT(-119.33456521 37.17543989)",0.1,"Direct Diversion",288,0,"Appropriative"
"F003953S_01","POINT(-119.34178888 37.17899011)",0,"Direct Diversion",520,0,"Federal Claims"
"S003929_01","POINT(-119.51570492 37.24394271)",0,"Direct Diversion",0,0,"Statement of Div and Use"
"F003846S_01","POINT(-119.22939293 37.24256187)",0,"Direct Diversion",6600,0,"Federal Claims"
"F003847S_01","POINT(-119.22939293 37.24256187)",0,"Direct Diversion",15200,0,"Federal Claims"
"A026534_01","POINT(-119.02020249 37.30306005)",134422,"Direct Diversion",23,0,"Appropriative"
"A026536_01","POINT(-119.29548658 37.18845038)",0,"Direct Diversion",0.05,0,"Appropriative"
"F011082S_01","POINT(-119.19798372 37.25168061)",0,"Direct Diversion",2000,0,"Federal Claims"
"F003933S_01","POINT(-119.44807913 37.15886708)",0,"Direct Diversion",300,0,"Federal Claims"
"A027245_01","POINT(-119.54510014 37.22894253)",4,"Diversion to Storage",0,0,"Appropriative"
"A026536A_01","POINT(-119.1846 37.1915)",194.4,"Direct Diversion",0.269,194.4,"Appropriative"
"A026535_01","POINT(-119.29821798 37.18459858)",20958,"Direct Diversion",6,0,"Appropriative"
"F003857S_01","POINT(-119.24140724 37.23965471)",0,"Direct Diversion",3000,0,"Federal Claims"
"F003797S_01","POINT(-119.25806357 37.18716284)",0,"Direct Diversion",100,0,"Federal Claims"
"F003798S_01","POINT(-119.25806357 37.18716284)",0,"Direct Diversion",100,0,"Federal Claims"
"S001824_01","POINT(-119.25806357 37.18716284)",0,"Direct Diversion",13.4,0,"Statement of Div and Use"
"A026535_01","POINT(-119.25806357 37.18716284)",20958,"Direct Diversion",13,0,"Appropriative"
"A016426_01","POINT(-119.17182061 37.22837586)",5.2,"Direct Diversion",12000,0,"Appropriative"
"A029966_01","POINT(-119.54009871 37.23054956)",21.5,"Diversion to Storage",0,0,"Appropriative"
"F006749S_01","POINT(-119.25717768 37.23028428)",0,"Direct Diversion",100,0,"Federal Claims"
"F011068S_01","POINT(-119.53429152 37.2946351)",0,"Direct Diversion",3000,0,"Federal Claims"
"F011067S_01","POINT(-119.57606559 37.30843057)",0,"Direct Diversion",500,0,"Federal Claims"
"S003826_01","POINT(-119.04083152 37.30552679)",0,"Direct Diversion",0,0,"Statement of Div and Use"
"A011115_01","POINT(-118.9500682 37.30579542)",81942.6,"Direct Diversion",77,0,"Appropriative"
"S001817_01","POINT(-119.02948665 37.30731509)",0,"Direct Diversion",24,0,"Statement of Div and Use"
"F003854S_01","POINT(-119.17256295 37.25309273)",0,"Direct Diversion",0.03,0,"Federal Claims"
"F003855S_01","POINT(-119.18510598 37.25417277)",0,"Direct Diversion",300,0,"Federal Claims"
"F003853S_01","POINT(-119.18510598 37.25417277)",0,"Direct Diversion",0.04,0,"Federal Claims"
"S003808_01","POINT(-119.36202772 37.31835587)",0,"Direct Diversion",0,0,"Statement of Div and Use"
"A026534_01","POINT(-119.06972167 37.31691122)",134422,"Direct Diversion",84,0,"Appropriative"
"A026533_01","POINT(-119.33031329 37.14441593)",0,"Direct Diversion",3,0,"Appropriative"
"A001346_01","POINT(-119.33031329 37.14441593)",62000,"Diversion to Storage",0,0,"Appropriative"
"A010338_01","POINT(-119.42363809 37.14494813)",2342848,"Diversion to Storage",3200,0,"Appropriative"
"F003967S_01","POINT(-119.47956871 37.14583711)",0,"Direct Diversion",300,0,"Federal Claims"
"A001341_01","POINT(-118.9981995 37.36004761)",146000,"Direct Diversion",0,0,"Appropriative"
"A013928_01","POINT(-118.9981995 37.36004761)",110500,"Direct Diversion",0,0,"Appropriative"
"A012416_01","POINT(-118.9981995 37.36004761)",2.4,"Direct Diversion",5000,0,"Appropriative"
"A026535_01","POINT(-119.28585208 37.18243128)",20958,"Direct Diversion",10,0,"Appropriative"
"A026832_01","POINT(-119.07109929 37.31924482)",0,"Direct Diversion",80,0,"Appropriative"
"S009204_01","POINT(-119.36222325 37.14487365)",0,"Direct Diversion",0,0,"Statement of Div and Use"
"C002931_01","POINT(-119.60040677 37.17156444)",0,"Direct Diversion",0,0,"Stockpond"
"S003800_01","POINT(-119.28066113 37.17090815)",0,"Direct Diversion",0,0,"Statement of Div and Use"
"A019639_01","POINT(-119.34519915 37.17403669)",0.1,"Direct Diversion",288,0,"Appropriative"
"F008784S_01","POINT(-119.28585208 37.18243128)",0,"Direct Diversion",150,0,"Federal Claims"
"A001935_02","POINT(-119.24485863 37.19076074)",29.4,"Direct Diversion",0.08,0,"Appropriative"
"A027241_01","POINT(-119.54505281 37.23265012)",30,"Direct Diversion",0,0,"Appropriative"
"A029966_01","POINT(-119.53302731 37.23282595)",21.5,"Diversion to Storage",0,0,"Appropriative"
"F008781S_01","POINT(-119.14675313 37.23115526)",0,"Direct Diversion",0.046,0,"Federal Claims"
"A018318_01","POINT(-119.14675313 37.23115526)",16.1,"Direct Diversion",14400,0,"Appropriative"
"A017594_01","POINT(-119.27980979 37.53039718)",0.5,"Direct Diversion",870,0,"Appropriative"
"A019420_01","POINT(-119.31286676 37.64252052)",103,"Direct Diversion",0,0,"Appropriative"
"A013904_01","POINT(-119.31286676 37.64252052)",96,"Direct Diversion",0,0,"Appropriative"
"S000003_01","POINT(-119.29823314 37.43582704)",0,"Direct Diversion",0,0,"Statement of Div and Use"
"F007360S_01","POINT(-119.07290914 37.61897961)",0,"Direct Diversion",5000,0,"Federal Claims"
"F007361S_01","POINT(-119.07290914 37.61897961)",0,"Direct Diversion",7125,0,"Federal Claims"
"F007363S_01","POINT(-119.07146261 37.62239539)",0,"Direct Diversion",5000,0,"Federal Claims"
"F003806S_01","POINT(-119.2985289 37.43885144)",0,"Direct Diversion",5000,0,"Federal Claims"
"A004709_01","POINT(-119.4768167 37.44987916)",0.7,"Direct Diversion",1300,0,"Appropriative"
"F003823S_01","POINT(-119.14839537 37.45841134)",0,"Direct Diversion",320,0,"Federal Claims"
"C000543_01","POINT(-119.33071183 36.91781703)",0,"Direct Diversion",0,0,"Stockpond"